{"5": {"test_time": 4.638589105606079, "test_f1": 0.7196}, "10": {"test_time": 4.614567618370056, "test_f1": 0.6965999999999999}, "20": {"test_time": 4.629591426849365, "test_f1": 0.7372}, "40": {"test_time": 4.612151565551757, "test_f1": 0.7302}, "70": {"test_time": 4.63103413105011, "test_f1": 0.7223999999999999}, "100": {"test_time": 4.670775284767151, "test_f1": 0.7336}}