{"5": {"test_time": 10.070483841896058, "test_f1": 0.7038}, "10": {"test_time": 10.121862387657165, "test_f1": 0.7171000000000001}, "20": {"test_time": 10.044494571685792, "test_f1": 0.7062}}