{"5": {"test_time": 10.070483841896058, "test_f1": 0.7038}, "10": {"test_time": 10.121862387657165, "test_f1": 0.7171000000000001}, "20": {"test_time": 10.044494571685792, "test_f1": 0.7062}, "30": {"test_time": 10.06994840145111, "test_f1": 0.7222},"70": {"test_time": 10.224964449405672, "test_f1": 0.7207999999999999}}