{"70": {"test_time": 10.224964449405672, "test_f1": 0.7207999999999999}}