{"citation": {"unsupervised": {"graphsage_gcn": {"loss": 1.3875927409181918, "train_acc": 0.8, "val_acc": 0.662, "test_acc": 0.677, "train_f1": 0.8000000000000002, "test_f1": 0.677, "val_f1": 0.662, "train_time": 2.3649511337280273, "test_time": 4.827676296234131}, "graphsage_mean": {"loss": 1.3770172402284697, "train_acc": 0.8857142857142857, "val_acc": 0.626, "test_acc": 0.65, "train_f1": 0.8857142857142857, "test_f1": 0.65, "val_f1": 0.626, "train_time": 2.604398250579834, "test_time": 4.705435514450073}, "graphsage_lstm": {"loss": 1.3733921246479321, "train_acc": 0.8142857142857143, "val_acc": 0.614, "test_acc": 0.574, "train_f1": 0.8142857142857143, "test_f1": 0.574, "val_f1": 0.614, "train_time": 2.431819200515747, "test_time": 4.687984466552734}, "graphsage_max": {"loss": 1.3732095720848974, "train_acc": 0.8357142857142857, "val_acc": 0.692, "test_acc": 0.688, "train_f1": 0.8357142857142857, "test_f1": 0.688, "val_f1": 0.692, "train_time": 2.416918992996216, "test_time": 4.839550495147705}}, "supervised": {"graphsage_gcn": {"loss": 1.6429814100265503, "train_acc": 0.7857142857142857, "val_acc": 0.538, "test_acc": 0.545, "train_f1": 0.7857142857142857, "val_f1": 0.538, "test_f1": 0.545, "train_time": 2.2810866832733154, "test_time": 4.749080419540405}, "graphsage_mean": {"loss": 1.5714973211288452, "train_acc": 0.85, "val_acc": 0.586, "test_acc": 0.589, "train_f1": 0.85, "val_f1": 0.586, "test_f1": 0.589, "train_time": 2.319293737411499, "test_time": 4.7099690437316895}, "graphsage_lstm": {"loss": 1.5547409057617188, "train_acc": 0.8571428571428571, "val_acc": 0.608, "test_acc": 0.607, "train_f1": 0.8571428571428571, "val_f1": 0.608, "test_f1": 0.607, "train_time": 2.2402305603027344, "test_time": 4.496663331985474}, "graphsage_max": {"loss": 1.5405657291412354, "train_acc": 0.8714285714285714, "val_acc": 0.626, "test_acc": 0.624, "train_f1": 0.8714285714285714, "val_f1": 0.626, "test_f1": 0.624, "train_time": 2.1432976722717285, "test_time": 4.4466493129730225}}}, "reddit": {"unsupervised": {"graphsage_gcn": {"loss": 154.54611265353486, "train_acc": 0.9049540184187028, "val_acc": 0.9073056103394738, "test_acc": 0.9056783297129418, "train_f1": 0.9049540184187028, "test_f1": 0.9056783297129418, "val_f1": 0.9073056103394738, "train_time": 119.37484788894653, "test_time": 459.1030035018921}, "graphsage_mean": {"loss": 276.1906095277523, "train_acc": 0.9057882696456387, "val_acc": 0.9093197935462213, "test_acc": 0.9057860438396496, "train_f1": 0.9057882696456387, "test_f1": 0.9057860438396496, "val_f1": 0.9093197935462213, "train_time": 119.12069535255432, "test_time": 453.2223479747772}, "graphsage_lstm": {"loss": 327.49084728151644, "train_acc": 0.905195169163989, "val_acc": 0.9070538374386303, "test_acc": 0.9040985225212287, "train_f1": 0.905195169163989, "test_f1": 0.9040985225212287, "val_f1": 0.9070538374386303, "train_time": 122.80731415748596, "test_time": 444.1795024871826}, "graphsage_max": {"loss": 171.4696909430048, "train_acc": 0.9048171490767837, "val_acc": 0.9090260584952373, "test_acc": 0.9045652837369621, "train_f1": 0.9048171490767837, "test_f1": 0.9045652837369621, "val_f1": 0.9090260584952373, "train_time": 122.69386577606201, "test_time": 500.90079855918884}}, "supervised": {"graphsage_gcn": {"loss": 0.4133977238806196, "train_acc": 0.9261818015915949, "val_acc": 0.9316016952708657, "test_acc": 0.9315297201227941, "train_f1": 0.9261818015915948, "val_f1": 0.9316016952708657, "test_f1": 0.9315297201227941, "train_time": 28.41225028038025, "test_time": 93.44635701179504}, "graphsage_mean": {"loss": 0.3139977248582228, "train_acc": 0.9435772431907502, "val_acc": 0.9418824220553061, "test_acc": 0.9419600380589914, "train_f1": 0.9435772431907502, "val_f1": 0.9418824220553061, "test_f1": 0.9419600380589914, "train_time": 29.257351398468018, "test_time": 95.01770162582397}, "graphsage_lstm": {"loss": 0.32761278983949665, "train_acc": 0.9442941778388982, "val_acc": 0.9456170534178171, "test_acc": 0.9456402707215051, "train_f1": 0.9442941778388982, "val_f1": 0.9456170534178171, "test_f1": 0.9456402707215051, "train_time": 29.172987699508667, "test_time": 94.48964381217957}, "graphsage_max": {"loss": 0.32190348305041083, "train_acc": 0.9439813336287973, "val_acc": 0.9436448323612102, "test_acc": 0.9426422275281403, "train_f1": 0.9439813336287973, "val_f1": 0.9436448323612102, "test_f1": 0.9426422275281403, "train_time": 29.28756308555603, "test_time": 95.78190684318542}}}, "ppi": {"unsupervised": {"graphsage_gcn": {"loss": 12.303810635903405, "train_f1": 0.6934485369438382, "val_f1": 0.669788148603009, "test_f1": 0.6730629978276611, "train_time": 1.896116018295288, "test_time": 14.59543228149414}, "graphsage_mean": {"loss": 7.3156937798407595, "train_f1": 0.6924464436823587, "val_f1": 0.6685600245624808, "test_f1": 0.6748732802317161, "train_time": 1.8421399593353271, "test_time": 8.827769041061401}, "graphsage_lstm": {"loss": 8.883291320440176, "train_f1": 0.6884380706364406, "val_f1": 0.6611912803193123, "test_f1": 0.665821868211441, "train_time": 1.8661880493164062, "test_time": 12.402267217636108}, "graphsage_max": {"loss": 6.990806367823856, "train_f1": 0.6899968823765198, "val_f1": 0.670709241633405, "test_f1": 0.6712527154236061, "train_time": 1.843064546585083, "test_time": 8.327366352081299}}, "supervised": {"graphsage_gcn": {"loss": 1.592374610900879, "train_f1": 0.506300275954722, "val_f1": 0.49653984141648305, "test_f1": 0.4986364372761148, "train_time": 0.09999871253967285, "test_time": 1.6851181983947754}, "graphsage_mean": {"loss": 1.1888600647449494, "train_f1": 0.5370093493257554, "val_f1": 0.5263712546191688, "test_f1": 0.5309522648857402, "train_time": 0.2630009651184082, "test_time": 1.5558936595916748}, "graphsage_lstm": {"loss": 1.2232101559638977, "train_f1": 0.5335232454612064, "val_f1": 0.5258462972272533, "test_f1": 0.528696186232942, "train_time": 0.10851240158081055, "test_time": 1.6061265468597412}, "graphsage_max": {"loss": 1.1562741696834564, "train_f1": 0.533170761879319, "val_f1": 0.5264082119552351, "test_f1": 0.5288440614527571, "train_time": 0.10200047492980957, "test_time": 1.5341389179229736}}}}