{"graphsage_gcn": {"0.0": {"loss": 2.3254454135894775, "val_acc": 0.758, "val_f1": 0.7579999999999999, "test_acc": 0.747, "test_f1": 0.747, "train_time": 2.5224592685699463, "test_time": 9.9736168384552}, "0.1111111111111111": {"loss": 2.234104633331299, "val_acc": 0.688, "val_f1": 0.688, "test_acc": 0.707, "test_f1": 0.707, "train_time": 2.730443000793457, "test_time": 10.31311821937561}, "0.2222222222222222": {"loss": 2.1972079277038574, "val_acc": 0.624, "val_f1": 0.624, "test_acc": 0.646, "test_f1": 0.646, "train_time": 2.529233694076538, "test_time": 9.819654941558838}, "0.3333333333333333": {"loss": 2.3684887886047363, "val_acc": 0.57, "val_f1": 0.57, "test_acc": 0.566, "test_f1": 0.566, "train_time": 2.4947917461395264, "test_time": 10.623045206069946}, "0.4444444444444444": {"loss": 2.2380101680755615, "val_acc": 0.566, "val_f1": 0.566, "test_acc": 0.595, "test_f1": 0.595, "train_time": 2.7834718227386475, "test_time": 10.356285333633423}, "0.5555555555555556": {"loss": 2.2451300621032715, "val_acc": 0.544, "val_f1": 0.544, "test_acc": 0.553, "test_f1": 0.553, "train_time": 2.713374614715576, "test_time": 10.209177494049072}, "0.6666666666666666": {"loss": 2.2656521797180176, "val_acc": 0.52, "val_f1": 0.52, "test_acc": 0.533, "test_f1": 0.533, "train_time": 2.5745086669921875, "test_time": 10.207476615905762}, "0.7777777777777777": {"loss": 2.2701070308685303, "val_acc": 0.516, "val_f1": 0.516, "test_acc": 0.538, "test_f1": 0.538, "train_time": 2.5096237659454346, "test_time": 10.319924116134644}, "0.8888888888888888": {"loss": 2.249133586883545, "val_acc": 0.53, "val_f1": 0.53, "test_acc": 0.537, "test_f1": 0.537, "train_time": 2.6079845428466797, "test_time": 10.335768699645996}}}