{"graphsage_mean": {"0.0": {"loss": 2.252009391784668, "val_acc": 0.686, "val_f1": 0.686, "test_acc": 0.68, "test_f1": 0.68, "train_time": 2.5836851596832275, "test_time": 10.158299684524536}}}