{"graphsage_mean": {"0.0": {"loss": 2.252009391784668, "val_acc": 0.686, "val_f1": 0.686, "test_acc": 0.68, "test_f1": 0.68, "train_time": 2.5836851596832275, "test_time": 10.158299684524536}, "0.1111111111111111": {"loss": 2.2079148292541504, "val_acc": 0.614, "val_f1": 0.614, "test_acc": 0.623, "test_f1": 0.623, "train_time": 2.6169073581695557, "test_time": 10.186053276062012}, "0.2222222222222222": {"loss": 2.215590238571167, "val_acc": 0.504, "val_f1": 0.504, "test_acc": 0.504, "test_f1": 0.504, "train_time": 2.6951446533203125, "test_time": 10.311455488204956}, "0.3333333333333333": {"loss": 2.2244246006011963, "val_acc": 0.432, "val_f1": 0.432, "test_acc": 0.432, "test_f1": 0.432, "train_time": 2.776792287826538, "test_time": 10.265667915344238}, "0.4444444444444444": {"loss": 2.262425661087036, "val_acc": 0.406, "val_f1": 0.40599999999999997, "test_acc": 0.431, "test_f1": 0.43099999999999994, "train_time": 2.722776174545288, "test_time": 10.191030263900757}, "0.5555555555555556": {"loss": 2.2292094230651855, "val_acc": 0.388, "val_f1": 0.388, "test_acc": 0.432, "test_f1": 0.432, "train_time": 2.552065849304199, "test_time": 10.18797254562378}, "0.6666666666666666": {"loss": 2.2443976402282715, "val_acc": 0.418, "val_f1": 0.418, "test_acc": 0.423, "test_f1": 0.42299999999999993, "train_time": 2.777174711227417, "test_time": 10.133098363876343}, "0.7777777777777777": {"loss": 2.245659828186035, "val_acc": 0.394, "val_f1": 0.394, "test_acc": 0.39, "test_f1": 0.39, "train_time": 2.369136333465576, "test_time": 9.263672828674316}, "0.8888888888888888": {"loss": 2.236611843109131, "val_acc": 0.388, "val_f1": 0.388, "test_acc": 0.398, "test_f1": 0.398, "train_time": 2.7043628692626953, "test_time": 10.271731615066528}, "1.0": {"loss": 2.211717128753662, "val_acc": 0.416, "val_f1": 0.416, "test_acc": 0.421, "test_f1": 0.421, "train_time": 2.665276527404785, "test_time": 10.586315155029297}}, "graphsage_max_pool": {"0.0": {"loss": 2.1825108528137207, "val_acc": 0.72, "val_f1": 0.72, "test_acc": 0.722, "test_f1": 0.722, "train_time": 2.5870282649993896, "test_time": 10.294986963272095}, "0.1111111111111111": {"loss": 2.3256168365478516, "val_acc": 0.604, "val_f1": 0.604, "test_acc": 0.613, "test_f1": 0.613, "train_time": 2.792721748352051, "test_time": 10.375115156173706}, "0.2222222222222222": {"loss": 2.52817964553833, "val_acc": 0.376, "val_f1": 0.376, "test_acc": 0.403, "test_f1": 0.403, "train_time": 2.6349730491638184, "test_time": 10.484803676605225}, "0.3333333333333333": {"loss": 2.596712112426758, "val_acc": 0.356, "val_f1": 0.356, "test_acc": 0.353, "test_f1": 0.353, "train_time": 2.680614948272705, "test_time": 10.414604187011719}, "0.4444444444444444": {"loss": 2.4033141136169434, "val_acc": 0.338, "val_f1": 0.338, "test_acc": 0.353, "test_f1": 0.353, "train_time": 2.7882328033447266, "test_time": 10.2442147731781}, "0.5555555555555556": {"loss": 2.771143913269043, "val_acc": 0.284, "val_f1": 0.284, "test_acc": 0.296, "test_f1": 0.296, "train_time": 2.7045373916625977, "test_time": 10.439295530319214}, "0.6666666666666666": {"loss": 2.485635757446289, "val_acc": 0.272, "val_f1": 0.272, "test_acc": 0.278, "test_f1": 0.278, "train_time": 2.6276683807373047, "test_time": 10.407264947891235}, "0.7777777777777777": {"loss": 2.7695212364196777, "val_acc": 0.304, "val_f1": 0.304, "test_acc": 0.308, "test_f1": 0.308, "train_time": 2.6851308345794678, "test_time": 10.116758584976196}, "0.8888888888888888": {"loss": 2.7515439987182617, "val_acc": 0.292, "val_f1": 0.292, "test_acc": 0.284, "test_f1": 0.284, "train_time": 2.642627477645874, "test_time": 10.217401027679443}, "1.0": {"loss": 2.9442272186279297, "val_acc": 0.264, "val_f1": 0.264, "test_acc": 0.251, "test_f1": 0.251, "train_time": 2.595947742462158, "test_time": 10.413692951202393}}, "raw_features": {"0.0": {"test_f1": 0.511}, "0.1111111111111111": {"test_f1": 0.418}, "0.2222222222222222": {"test_f1": 0.228}, "0.3333333333333333": {"test_f1": 0.159}, "0.4444444444444444": {"test_f1": 0.185}, "0.5555555555555556": {"test_f1": 0.145}, "0.6666666666666666": {"test_f1": 0.126}, "0.7777777777777777": {"test_f1": 0.153}}}