{"graphsage_mean": {"0.0": {"loss": 2.252009391784668, "val_acc": 0.686, "val_f1": 0.686, "test_acc": 0.68, "test_f1": 0.68, "train_time": 2.5836851596832275, "test_time": 10.158299684524536}, "0.1111111111111111": {"loss": 2.2079148292541504, "val_acc": 0.614, "val_f1": 0.614, "test_acc": 0.623, "test_f1": 0.623, "train_time": 2.6169073581695557, "test_time": 10.186053276062012}, "0.2222222222222222": {"loss": 2.215590238571167, "val_acc": 0.504, "val_f1": 0.504, "test_acc": 0.504, "test_f1": 0.504, "train_time": 2.6951446533203125, "test_time": 10.311455488204956}, "0.3333333333333333": {"loss": 2.2244246006011963, "val_acc": 0.432, "val_f1": 0.432, "test_acc": 0.432, "test_f1": 0.432, "train_time": 2.776792287826538, "test_time": 10.265667915344238}, "0.4444444444444444": {"loss": 2.262425661087036, "val_acc": 0.406, "val_f1": 0.40599999999999997, "test_acc": 0.431, "test_f1": 0.43099999999999994, "train_time": 2.722776174545288, "test_time": 10.191030263900757}}}