{"graphsage_gcn": {"0.0": {"loss": 2.3254454135894775, "val_acc": 0.758, "val_f1": 0.7579999999999999, "test_acc": 0.747, "test_f1": 0.747, "train_time": 2.5224592685699463, "test_time": 9.9736168384552}}}