{"graphsage_gcn": {"0.0": {"loss": 2.3254454135894775, "val_acc": 0.758, "val_f1": 0.7579999999999999, "test_acc": 0.747, "test_f1": 0.747, "train_time": 2.5224592685699463, "test_time": 9.9736168384552}, "0.1111111111111111": {"loss": 2.234104633331299, "val_acc": 0.688, "val_f1": 0.688, "test_acc": 0.707, "test_f1": 0.707, "train_time": 2.730443000793457, "test_time": 10.31311821937561}, "0.2222222222222222": {"loss": 2.1972079277038574, "val_acc": 0.624, "val_f1": 0.624, "test_acc": 0.646, "test_f1": 0.646, "train_time": 2.529233694076538, "test_time": 9.819654941558838}}}