{"graphsage_gcn": {"test_time": 13.473837041854859, "train_time": 0.000954708735148112}, "graphsage_mean": {"test_time": 13.282532215118408, "train_time": 0.0009585409959157309}, "graphsage_max_pool": {"test_time": 13.277762627601623, "train_time": 0.0009665545622507731}, "graphsage_max": {"test_time": 13.179369831085205, "train_time": 0.000963128169377645}, "graphsage_sum": {"test_time": 13.261494994163513, "train_time": 0.0009437534014383952}, "graphsage_mean_pool": {"test_time": 13.358257126808166, "train_time": 0.0009731430212656658}}