{"cora": {"unsupervised": {"graphsage_gcn": {"loss": 1.3760557174682617, "val_acc": 0.73, "test_acc": 0.698, "test_f1": 0.698, "val_f1": 0.7299999999999999, "train_time": 2.693824291229248, "test_time": 7.390608787536621}, "graphsage_mean": {"loss": 1.371389389038086, "val_acc": 0.582, "test_acc": 0.598, "test_f1": 0.598, "val_f1": 0.582, "train_time": 2.703242778778076, "test_time": 7.4934210777282715}, "graphsage_max_pool": {"loss": 1.3880739212036133, "val_acc": 0.576, "test_acc": 0.597, "test_f1": 0.597, "val_f1": 0.576, "train_time": 2.553093194961548, "test_time": 7.514307260513306}, "graphsage_max": {"loss": 1.3728306293487549, "val_acc": 0.592, "test_acc": 0.614, "test_f1": 0.614, "val_f1": 0.592, "train_time": 2.5907981395721436, "test_time": 7.502387046813965}, "graphsage_sum": {"loss": 1.3757526874542236, "val_acc": 0.704, "test_acc": 0.718, "test_f1": 0.718, "val_f1": 0.704, "train_time": 2.7130727767944336, "test_time": 7.583195447921753}, "graphsage_mean_pool": {"loss": 1.3658678531646729, "val_acc": 0.614, "test_acc": 0.598, "test_f1": 0.598, "val_f1": 0.614, "train_time": 2.5681862831115723, "test_time": 7.630734443664551}}, "supervised": {"random": {"test_f1": 0.13}, "raw_features": {"test_f1": 0.54}, "graphsage_gcn": {"loss": 2.248354911804199, "val_acc": 0.776, "val_f1": 0.776, "test_acc": 0.776, "test_f1": 0.776, "train_time": 2.77339506149292, "test_time": 9.901801586151123}, "graphsage_mean": {"loss": 2.1992406845092773, "val_acc": 0.704, "val_f1": 0.704, "test_acc": 0.717, "test_f1": 0.7169999999999999, "train_time": 2.700042963027954, "test_time": 10.153783082962036}, "graphsage_max_pool": {"loss": 2.217975616455078, "val_acc": 0.706, "val_f1": 0.706, "test_acc": 0.706, "test_f1": 0.706, "train_time": 2.7052743434906006, "test_time": 10.066455125808716}, "graphsage_max": {"loss": 2.2000107765197754, "val_acc": 0.726, "val_f1": 0.726, "test_acc": 0.732, "test_f1": 0.732, "train_time": 2.767460823059082, "test_time": 10.27025580406189}, "graphsage_sum": {"loss": 2.2938032150268555, "val_acc": 0.716, "val_f1": 0.7160000000000001, "test_acc": 0.731, "test_f1": 0.731, "train_time": 2.561476707458496, "test_time": 10.166858434677124}, "graphsage_mean_pool": {"loss": 2.2069191932678223, "val_acc": 0.71, "val_f1": 0.7100000000000001, "test_acc": 0.708, "test_f1": 0.708, "train_time": 2.651266098022461, "test_time": 10.095858097076416}}}, "ppi": {"unsupervised": {"graphsage_gcn": {"loss": 1.32108139738773, "val_f1": 0.48357171734831017, "test_f1": 0.4847383074204498, "train_time": 54.605568408966064, "test_time": 15.952791929244995}, "graphsage_mean": {"loss": 1.2624275182735807, "val_f1": 0.4641398473418739, "test_f1": 0.468957986016878, "train_time": 52.69968128204346, "test_time": 15.624979496002197}, "graphsage_max_pool": {"loss": 1.2743759626737603, "val_f1": 0.48701302211435027, "test_f1": 0.4841174793270601, "train_time": 50.62715983390808, "test_time": 15.690541505813599}, "graphsage_max": {"loss": 1.319478980383565, "val_f1": 0.4844258534903732, "test_f1": 0.48426843799913794, "train_time": 50.4362952709198, "test_time": 15.52267599105835}, "graphsage_sum": {"loss": 1.3121585533071327, "val_f1": 0.48124691314230517, "test_f1": 0.4821385253750398, "train_time": 52.063854694366455, "test_time": 15.769522190093994}, "graphsage_mean_pool": {"loss": 1.259360576631104, "val_f1": 0.46267286250540746, "test_f1": 0.4655749183133655, "train_time": 50.2495858669281, "test_time": 15.58901858329773}}, "supervised": {"random": {"test_f1": 0.3935170132458756}, "raw_features": {"test_f1": 0.41659626172130393}}}}