{"cora": {"unsupervised": {"graphsage_gcn": {"loss": 1.3760557174682617, "val_acc": 0.73, "test_acc": 0.698, "test_f1": 0.698, "val_f1": 0.7299999999999999, "train_time": 2.693824291229248, "test_time": 7.390608787536621}, "graphsage_mean": {"loss": 1.371389389038086, "val_acc": 0.582, "test_acc": 0.598, "test_f1": 0.598, "val_f1": 0.582, "train_time": 2.703242778778076, "test_time": 7.4934210777282715}, "graphsage_max_pool": {"loss": 1.3880739212036133, "val_acc": 0.576, "test_acc": 0.597, "test_f1": 0.597, "val_f1": 0.576, "train_time": 2.553093194961548, "test_time": 7.514307260513306}, "graphsage_max": {"loss": 1.3728306293487549, "val_acc": 0.592, "test_acc": 0.614, "test_f1": 0.614, "val_f1": 0.592, "train_time": 2.5907981395721436, "test_time": 7.502387046813965}, "graphsage_sum": {"loss": 1.3757526874542236, "val_acc": 0.704, "test_acc": 0.718, "test_f1": 0.718, "val_f1": 0.704, "train_time": 2.7130727767944336, "test_time": 7.583195447921753}, "graphsage_mean_pool": {"loss": 1.3658678531646729, "val_acc": 0.614, "test_acc": 0.598, "test_f1": 0.598, "val_f1": 0.614, "train_time": 2.5681862831115723, "test_time": 7.630734443664551}}, "supervised": {"random": {"test_f1": 0.13}, "raw_features": {"test_f1": 0.54}, "graphsage_gcn": {"loss": 2.248354911804199, "val_acc": 0.776, "val_f1": 0.776, "test_acc": 0.776, "test_f1": 0.776, "train_time": 2.77339506149292, "test_time": 9.901801586151123}, "graphsage_mean": {"loss": 2.1992406845092773, "val_acc": 0.704, "val_f1": 0.704, "test_acc": 0.717, "test_f1": 0.7169999999999999, "train_time": 2.700042963027954, "test_time": 10.153783082962036}, "graphsage_max_pool": {"loss": 2.217975616455078, "val_acc": 0.706, "val_f1": 0.706, "test_acc": 0.706, "test_f1": 0.706, "train_time": 2.7052743434906006, "test_time": 10.066455125808716}, "graphsage_max": {"loss": 2.2000107765197754, "val_acc": 0.726, "val_f1": 0.726, "test_acc": 0.732, "test_f1": 0.732, "train_time": 2.767460823059082, "test_time": 10.27025580406189}, "graphsage_sum": {"loss": 2.2938032150268555, "val_acc": 0.716, "val_f1": 0.7160000000000001, "test_acc": 0.731, "test_f1": 0.731, "train_time": 2.561476707458496, "test_time": 10.166858434677124}, "graphsage_mean_pool": {"loss": 2.2069191932678223, "val_acc": 0.71, "val_f1": 0.7100000000000001, "test_acc": 0.708, "test_f1": 0.708, "train_time": 2.651266098022461, "test_time": 10.095858097076416}}}, "ppi": {"unsupervised": {"graphsage_gcn": {"loss": 1.32108139738773, "val_f1": 0.48357171734831017, "test_f1": 0.4847383074204498, "train_time": 54.605568408966064, "test_time": 15.952791929244995}, "graphsage_mean": {"loss": 1.2624275182735807, "val_f1": 0.4641398473418739, "test_f1": 0.468957986016878, "train_time": 52.69968128204346, "test_time": 15.624979496002197}, "graphsage_max_pool": {"loss": 1.2743759626737603, "val_f1": 0.48701302211435027, "test_f1": 0.4841174793270601, "train_time": 50.62715983390808, "test_time": 15.690541505813599}, "graphsage_max": {"loss": 1.319478980383565, "val_f1": 0.4844258534903732, "test_f1": 0.48426843799913794, "train_time": 50.4362952709198, "test_time": 15.52267599105835}, "graphsage_sum": {"loss": 1.3121585533071327, "val_f1": 0.48124691314230517, "test_f1": 0.4821385253750398, "train_time": 52.063854694366455, "test_time": 15.769522190093994}, "graphsage_mean_pool": {"loss": 1.259360576631104, "val_f1": 0.46267286250540746, "test_f1": 0.4655749183133655, "train_time": 50.2495858669281, "test_time": 15.58901858329773}}, "supervised": {"random": {"test_f1": 0.3935170132458756}, "raw_features": {"test_f1": 0.41659626172130393}, "graphsage_gcn": {"loss": 0.6687096893787384, "val_f1": 0.492568493243961, "test_f1": 0.4991305171135062, "train_time": 0.12199974060058594, "test_time": 0.3079988956451416}, "graphsage_mean": {"loss": 0.6675704419612885, "val_f1": 0.531833749057065, "test_f1": 0.5410042835294332, "train_time": 0.11800169944763184, "test_time": 0.31300806999206543}, "graphsage_max_pool": {"loss": 0.6669625490903854, "val_f1": 0.5744113444637999, "test_f1": 0.5809530613702936, "train_time": 0.11116766929626465, "test_time": 0.31600093841552734}, "graphsage_max": {"loss": 0.6674060553312302, "val_f1": 0.5632219389787303, "test_f1": 0.5695733700226986, "train_time": 0.11113333702087402, "test_time": 0.32900166511535645}, "graphsage_sum": {"loss": 0.6669517278671264, "val_f1": 0.5543277376622244, "test_f1": 0.5584415584415585, "train_time": 0.11199951171875, "test_time": 0.3161447048187256}, "graphsage_mean_pool": {"loss": 0.6675699710845947, "val_f1": 0.5472680642003025, "test_f1": 0.5566489384979388, "train_time": 0.11599922180175781, "test_time": 0.3216533660888672}}}, "pubmed": {"unsupervised": {"graphsage_gcn": {"loss": 1.3566886186599731, "val_acc": 0.758, "test_acc": 0.727, "test_f1": 0.7269999999999999, "val_f1": 0.7579999999999999, "train_time": 2.4901368618011475, "test_time": 7.562713623046875}, "graphsage_mean": {"loss": 1.3213541507720947, "val_acc": 0.67, "test_acc": 0.661, "test_f1": 0.661, "val_f1": 0.67, "train_time": 2.5244600772857666, "test_time": 7.295035362243652}, "graphsage_max_pool": {"loss": 1.3602654933929443, "val_acc": 0.71, "test_acc": 0.679, "test_f1": 0.679, "val_f1": 0.7100000000000001, "train_time": 2.472759246826172, "test_time": 7.163640975952148}, "graphsage_max": {"loss": 1.3662749528884888, "val_acc": 0.724, "test_acc": 0.706, "test_f1": 0.706, "val_f1": 0.724, "train_time": 2.5799715518951416, "test_time": 7.299675464630127}, "graphsage_sum": {"loss": 1.3311238288879395, "val_acc": 0.756, "test_acc": 0.716, "test_f1": 0.7160000000000001, "val_f1": 0.756, "train_time": 2.4061717987060547, "test_time": 6.968424320220947}, "graphsage_mean_pool": {"loss": 1.341629981994629, "val_acc": 0.648, "test_acc": 0.633, "test_f1": 0.633, "val_f1": 0.648, "train_time": 2.5710716247558594, "test_time": 7.29431414604187}}, "supervised": {"random": {"test_f1": 0.18}, "raw_features": {"test_f1": 0.613}, "graphsage_gcn": {"loss": 1.8464717864990234, "val_acc": 0.734, "val_f1": 0.734, "test_acc": 0.703, "test_f1": 0.703, "train_time": 2.4676198959350586, "test_time": 9.400293111801147}, "graphsage_mean": {"loss": 1.6165807247161865, "val_acc": 0.708, "val_f1": 0.708, "test_acc": 0.684, "test_f1": 0.684, "train_time": 2.424185037612915, "test_time": 9.582738161087036}, "graphsage_max_pool": {"loss": 1.804853916168213, "val_acc": 0.678, "val_f1": 0.678, "test_acc": 0.655, "test_f1": 0.655, "train_time": 2.493650197982788, "test_time": 9.736022233963013}, "graphsage_max": {"loss": 1.6214245557785034, "val_acc": 0.742, "val_f1": 0.7419999999999999, "test_acc": 0.712, "test_f1": 0.712, "train_time": 2.4965522289276123, "test_time": 9.873647212982178}, "graphsage_sum": {"loss": 1.9027574062347412, "val_acc": 0.738, "val_f1": 0.738, "test_acc": 0.715, "test_f1": 0.715, "train_time": 2.4531257152557373, "test_time": 9.614280223846436}, "graphsage_mean_pool": {"loss": 1.6282339096069336, "val_acc": 0.688, "val_f1": 0.688, "test_acc": 0.682, "test_f1": 0.682, "train_time": 2.5406947135925293, "test_time": 9.969488382339478}}}, "citeseer": {"unsupervised": {"graphsage_gcn": {"loss": 1.3308746814727783, "val_acc": 0.556, "test_acc": 0.548, "test_f1": 0.548, "val_f1": 0.556, "train_time": 2.5921268463134766, "test_time": 7.462178707122803}, "graphsage_mean": {"loss": 1.324393391609192, "val_acc": 0.454, "test_acc": 0.468, "test_f1": 0.468, "val_f1": 0.454, "train_time": 2.5922279357910156, "test_time": 7.0158727169036865}, "graphsage_max_pool": {"loss": 1.340684175491333, "val_acc": 0.468, "test_acc": 0.426, "test_f1": 0.426, "val_f1": 0.468, "train_time": 2.5461416244506836, "test_time": 7.4514734745025635}, "graphsage_max": {"loss": 1.3260859251022339, "val_acc": 0.41, "test_acc": 0.392, "test_f1": 0.39200000000000007, "val_f1": 0.41, "train_time": 2.563952684402466, "test_time": 7.4648778438568115}, "graphsage_sum": {"loss": 1.3423928022384644, "val_acc": 0.486, "test_acc": 0.475, "test_f1": 0.47500000000000003, "val_f1": 0.486,