{"reddit": {"unsupervised": {"graphsage_gcn": {"loss": 1.0693632326202178, "val_acc": 0.9069699131383492, "test_acc": 0.90662980449886, "test_f1": 0.90662980449886, "val_f1": 0.9069699131383492, "train_time": 83.42585468292236, "test_time": 81.55153775215149}, "graphsage_mean": {"loss": 1.0858174844054518, "val_acc": 0.8345432419957198, "test_acc": 0.8323609141338887, "test_f1": 0.8323609141338887, "val_f1": 0.8345432419957198, "train_time": 83.94308257102966, "test_time": 80.23878169059753}, "graphsage_max_pool": {"loss": 1.1021430892774835, "val_acc": 0.7376945994712769, "test_acc": 0.7326355851569933, "test_f1": 0.7326355851569935, "val_f1": 0.7376945994712769, "train_time": 90.92000961303711, "test_time": 79.4251651763916}, "graphsage_max": {"loss": 1.080078729915412, "val_acc": 0.7214972095170157, "test_acc": 0.7184173204315746, "test_f1": 0.7184173204315747, "val_f1": 0.7214972095170157, "train_time": 92.62016797065735, "test_time": 80.4721155166626}, "graphsage_sum": {"loss": 1.0772400821476111, "val_acc": 0.9001720448155763, "test_acc": 0.8987666732491967, "test_f1": 0.8987666732491967, "val_f1": 0.9001720448155764, "train_time": 82.63283348083496, "test_time": 83.46844959259033}, "graphsage_mean_pool": {"loss": 1.059594733001298, "val_acc": 0.8292140489278671, "test_acc": 0.8227743568569018, "test_f1": 0.8227743568569018, "val_f1": 0.829214048927867, "train_time": 85.48651170730591, "test_time": 84.44338870048523}}, "supervised": {"random": {"test_f1": 0.1483223524765273}, "raw_features": {"test_f1": 0.553201802416387}, "graphsage_gcn": {"loss": 3.6822838330562395, "val_acc": 0.9325248625739583, "val_f1": 0.9325248625739583, "test_acc": 0.932086243110784, "test_f1": 0.932086243110784, "train_time": 79.85442900657654, "test_time": 48.10351538658142}, "graphsage_mean": {"loss": 3.6569205505156703, "val_acc": 0.9534220133439637, "val_f1": 0.9534220133439637, "test_acc": 0.9541496867314149, "test_f1": 0.9541496867314149, "train_time": 79.65274143218994, "test_time": 41.23031806945801}, "graphsage_max_pool": {"loss": 3.690550055024214, "val_acc": 0.9316436574210063, "val_f1": 0.9316436574210063, "test_acc": 0.9289086763729063, "test_f1": 0.9289086763729063, "train_time": 89.10279202461243, "test_time": 42.14045524597168}, "graphsage_max": {"loss": 3.6863535081435628, "val_acc": 0.9308044144181948, "val_f1": 0.9308044144181948, "test_acc": 0.932337576073102, "test_f1": 0.932337576073102, "train_time": 88.7553505897522, "test_time": 41.52792811393738}, "graphsage_sum": {"loss": 3.667869245427723, "val_acc": 0.9438126809617725, "val_f1": 0.9438126809617725, "test_acc": 0.9442758917832074, "test_f1": 0.9442758917832074, "train_time": 77.34045124053955, "test_time": 40.86400008201599}, "graphsage_mean_pool": {"loss": 3.6625452777621805, "val_acc": 0.9533800511938232, "val_f1": 0.9533800511938232, "test_acc": 0.9526057842486042, "test_f1": 0.9526057842486042, "train_time": 79.08795833587646, "test_time": 41.47302508354187}}}}