{
  "cora": {
    "unsupervised": {
      "graphsage_gcn": {
        "loss": 1.3760557174682617,
        "val_acc": 0.73,
        "test_acc": 0.698,
        "test_f1": 0.698,
        "val_f1": 0.7299999999999999,
        "train_time": 2.693824291229248,
        "test_time": 7.390608787536621
      },
      "graphsage_mean": {
        "loss": 1.371389389038086,
        "val_acc": 0.582,
        "test_acc": 0.598,
        "test_f1": 0.598,
        "val_f1": 0.582,
        "train_time": 2.703242778778076,
        "test_time": 7.4934210777282715
      },
      "graphsage_max_pool": {
        "loss": 1.3880739212036133,
        "val_acc": 0.576,
        "test_acc": 0.597,
        "test_f1": 0.597,
        "val_f1": 0.576,
        "train_time": 2.553093194961548,
        "test_time": 7.514307260513306
      },
      "graphsage_max": {
        "loss": 1.3728306293487549,
        "val_acc": 0.592,
        "test_acc": 0.614,
        "test_f1": 0.614,
        "val_f1": 0.592,
        "train_time": 2.5907981395721436,
        "test_time": 7.502387046813965
      },
      "graphsage_sum": {
        "loss": 1.3757526874542236,
        "val_acc": 0.704,
        "test_acc": 0.718,
        "test_f1": 0.718,
        "val_f1": 0.704,
        "train_time": 2.7130727767944336,
        "test_time": 7.583195447921753
      },
      "graphsage_mean_pool": {
        "loss": 1.3658678531646729,
        "val_acc": 0.614,
        "test_acc": 0.598,
        "test_f1": 0.598,
        "val_f1": 0.614,
        "train_time": 2.5681862831115723,
        "test_time": 7.630734443664551
      }
    },
    "supervised": {
      "random": { "test_f1": 0.13 },
      "raw_features": { "test_f1": 0.54 },
      "graphsage_gcn": {
        "loss": 2.248354911804199,
        "val_acc": 0.776,
        "val_f1": 0.776,
        "test_acc": 0.776,
        "test_f1": 0.776,
        "train_time": 2.77339506149292,
        "test_time": 9.901801586151123
      },
      "graphsage_mean": {
        "loss": 2.1992406845092773,
        "val_acc": 0.704,
        "val_f1": 0.704,
        "test_acc": 0.717,
        "test_f1": 0.7169999999999999,
        "train_time": 2.700042963027954,
        "test_time": 10.153783082962036
      },
      "graphsage_max_pool": {
        "loss": 2.217975616455078,
        "val_acc": 0.706,
        "val_f1": 0.706,
        "test_acc": 0.706,
        "test_f1": 0.706,
        "train_time": 2.7052743434906006,
        "test_time": 10.066455125808716
      }
    }
  }
}
